-1.032494562328793, -0.1880022855475545, -0.0
-0.9732931547332555, -0.20661097159609199, -0.0
-0.9202411725418642, -0.18640530202537775, -0.0
-0.8687688394566067, -0.17543434724211693, -0.0
-0.8032653464470059, -0.1644947244785726, -0.0
-0.7393580031930469, -0.17018037661910057, -0.03607287820062868
-0.6879062993102707, -0.16844761930406094, -0.5
-0.6379929840913974, -0.1574731837026775, -0.5
-0.5834273686050437, -0.15759502816945314, -0.5
-0.6972851590253413, -0.1795125682838261, -0.5
-0.8906734751653858, -0.21049076039344072, -0.5
-1.0684633631026372, -0.23780848179012537, -0.5
-1.2524769469746388, -0.2595693585462868, -0.5
-1.4208425935939886, -0.25549808889627457, -0.5
-1.5954319323645905, -0.24586997320875525, -0.5
-1.7637728204135783, -0.23071286221966147, -0.5
-1.9165359106846154, -0.22113348077982664, -0.5
-2.089516718464438, -0.1893371632322669, -0.5
-2.236035485577304, -0.17607642291113734, -0.5
-2.440262659569271, -0.17377270199358463, -0.5
-2.602379853487946, -0.16417242027819157, -0.5
-2.7956856522359885, -0.15819778386503458, -0.5
-2.959378370316699, -0.1559845730662346, -0.5
-3.151149908604566, -0.16109924763441086, -0.5
-3.324237992055714, -0.17734153661876917, -0.5
-3.5098188478150405, -0.2027941676788032, -0.5
-3.7016440297593363, -0.2319281459785998, -0.5
-3.890338798693847, -0.25552616734057665, -0.5
-4.080600838875398, -0.28281598072499037, -0.5
-4.27556468907278, -0.3211811832152307, -0.2577288125247963
-4.475209722353611, -0.36138357454910874, -0.28865932187871945
-4.66707204899285, -0.4071462908759713, -0.402066103091525
-4.8495596392895095, -0.4436916974373162, -0.47938474684896387
-5.000842117704451, -0.4692209027707577, -0.48970000305185096
-5.1536918676574714, -0.49844190245494246, -0.5
-5.301831555145327, -0.5128922290168703, -0.5
-5.465561416465789, -0.5273077338933945, -0.4587694936979278
-5.640258050814737, -0.5657181753776968, -0.4587694936979278
-5.793116057699081, -0.5986344441771507, -0.4587694936979278
-5.958437955297995, -0.6278275735676289, -0.4587694936979278
-6.13157144660363, -0.6643938492052257, -0.391750846888638
-6.278205769136548, -0.7028669589199126, -0.4072237311929685
-6.446682844427414, -0.748681872151792, -0.38660847804193244
-6.607356581836939, -0.7908189170993865, -0.391750846888638
-6.769568701332901, -0.8237142763100564, -0.5
-6.919283919211011, -0.8455516546964645, -0.5
-7.095523074793164, -0.8765680305659771, -0.5
-7.248339821526315, -0.891007880680263, -0.5
-7.427676379098557, -0.9127790876664221, -0.5
-7.602344138722401, -0.938256018795073, -0.5
-7.8050783416838385, -0.9655179013498127, -0.5
-7.995328025543131, -0.9872647211886942, -0.5
-8.194940070505254, -1.0126859215088189, -0.46392712179937134
-8.386724010575563, -1.0233434145338833, -0.48970000305185096
-8.580062841472682, -1.0321497800759971, -0.42783898434400464
-8.75783213012619, -1.0502291661687195, -0.48970000305185096
-8.951208107813727, -1.0756642818450928, -0.48970000305185096
-9.121198819077108, -1.1011516321450472, -0.5
-9.292765060730744, -1.1340260552242398, -0.5
-9.445577687525656, -1.1466182339936495, -0.5
-9.613976366468705, -1.1573279416188598, -0.5
-9.788631751493085, -1.1772619136609137, -0.5
-9.983537859574426, -1.1897600498050451, -0.5
-10.169118754914962, -1.2152125546708703, -0.5
-10.364041372202337, -1.2351012397557497, -0.391750846888638
-10.551144138502423, -1.2439214992336929, -0.5
-10.747601011418737, -1.2527208579704165, -0.4742271187475204
-10.930018469982315, -1.2578562800772488, -0.5
-11.134278687473852, -1.2703334945254028, -0.47938474684896387
-11.31515363760991, -1.2828629505820572, -0.5
-11.527229583705775, -1.3045609411783516, -0.4226813562425611
-11.703427484200802, -1.31710083829239, -0.4226813562425611
-11.910847015795298, -1.3480474669486284, -0.47938474684896387
-12.101080205000471, -1.3624036493711174, -0.47938474684896387
-12.3053486822173, -1.378576118964702, -0.4433118686483352
-12.495586000673939, -1.3947799340821803, -0.43815424054689167
-12.695185682096053, -1.414658125024289, -0.49485763115329445
-12.883872237929609, -1.434560694731772, -0.4742271187475204
-13.075685088522732, -1.4581515728496015, -0.47938474684896387
-13.262820886913687, -1.4817528962157667, -0.47938474684896387
-13.454621352546383, -1.4998008492402732, -0.4226813562425611
-13.635496312519535, -1.512330260593444, -0.4226813562425611
-13.838214034272823, -1.5322014628909528, -0.5
-14.012865306809545, -1.550287720747292, -0.5
-14.215578901872505, -1.5683112745173275, -0.5
-14.382418576045893, -1.5790243856608868, -0.5
-14.588266721460968, -1.6044315220788121, -0.5
-14.773831121099647, -1.6224933825433254, -0.5
-14.97811199381249, -1.644208717159927, -0.5
-15.166810946771875, -1.6696541607379913, -0.5
-15.386702641728334, -1.7005728487856686, -0.4226813562425611
-15.576973000308499, -1.7315577203407884, -0.4226813562425611
-15.790645141212735, -1.7698808913119137, -0.45361186559648425
-15.971586165134795, -1.8119724956341088, -0.42783898434400464
-16.177504507126287, -1.8687894721515477, -0.42783898434400464
-16.342880128708202, -1.922001744620502, -0.41238135929441205
-16.53479621594306, -1.9917835434898734, -0.391750846888638
-16.676778318942524, -2.0413527875207365, -0.41238135929441205
-16.851541083538905, -2.1093252641148865, -0.391750846888638
-16.988850262772758, -2.1607525940053165, -0.3762932218390454
-17.149565357889514, -2.2213658625259995, -0.4072237311929685
-17.26815393922152, -2.267292075790465, -0.4742271187475204
-17.408577029709704, -2.3168647927232087, -0.4742271187475204
-17.530304293788504, -2.3720222334377468, -0.45361186559648425
-17.6692055297317, -2.438227186910808, -0.42783898434400464
-17.787839537195396, -2.504477428738028, -0.42783898434400464
-17.934589543263428, -2.5946842725388706, -0.4742271187475204
-18.064182096743025, -2.6812341595068574, -0.5
-18.201578000269365, -2.7714619035832584, -0.5
-18.329603282327298, -2.8543199938721955, -0.5
-18.46856233786093, -2.946391887962818, -0.5
-18.60128945548786, -3.04032535944134, -0.45361186559648425
-18.74339958530618, -3.147171397693455, -0.5
-18.874596592097078, -3.2540418268181384, -0.5
-19.012066839030012, -3.3775270711630583, -0.5
-19.13859918527305, -3.489950865972787, -0.5
-19.277632583747618, -3.6152802635915577, -0.5
-19.39636158698704, -3.724026197101921, -0.5
-19.527583384304307, -3.8419824531301856, -0.5
-19.654119871673174, -3.956253881100565, -0.5
-19.783807435363997, -4.085299456026405, -0.5
-19.902557094290387, -4.203283581882715, -0.4433118686483352
-20.035383347829338, -4.341560383327305, -0.4433118686483352
-20.151023237674963, -4.463246752507985, -0.4587694936979278
-20.288538938795682, -4.607056014705449, -0.4742271187475204
-20.3932491891901, -4.721376215107739, -0.41238135929441205
-20.51358266052557, -4.8504426861181855, -0.4742271187475204
-20.618317693122663, -4.97584872180596, -0.47938474684896387
-20.72462413518224, -5.106794188730419, -0.47938474684896387
-20.82780015480239, -5.232203706167638, -0.43815424054689167
-20.932547584059648, -5.3631526553072035, -0.4433118686483352
-21.020104515831918, -5.475663539022207, -0.41238135929441205
-21.10142950800946, -5.590035997796804, -0.41238135929441205
-21.17808157642139, -5.706266549881548, -0.41238135929441205
-21.250060720951296, -5.824355194810778, -0.402066103091525
-21.301735458429903, -5.92586038261652, -0.38660847804193244
-21.356544754758943, -6.034749156795442, -0.3762932218390454
-21.403550698189065, -6.1399600761942565, -0.402066103091525
-21.441202534071635, -6.245191902387887, -0.4072237311929685
-21.47730360913556, -6.354122492019087, -0.41238135929441205
-21.508719370060135, -6.459368255920708, -0.41238135929441205
-21.544824576296378, -6.5701464847661555, -0.42783898434400464
-21.57936250779312, -6.6772329192608595, -0.43815424054689167
-21.6154924936709, -6.799096984788775, -0.45361186559648425
-21.648504443233833, -6.92096802033484, -0.4742271187475204
-21.683087803714443, -7.048378488980234, -0.46392712179937134
-21.723936145135667, -7.188708495814353, -0.37113559373760185
-21.767914916505106, -7.334574453998357, -0.42783898434400464
-21.80877151968889, -7.478599739726633, -0.4072237311929685
-21.851191272493452, -7.624469180125743, -0.43815424054689167
-21.88891332404455, -7.761110878083855, -0.4433118686483352
-21.921933539560996, -7.886677191127092, -0.5
-21.95495788566768, -8.014091141987592, -0.5
-21.991104399901815, -8.143345766700804, -0.5
-22.028842971951235, -8.287378020584583, -0.47938474684896387
-22.071283382596448, -8.442485657520592, -0.5
-22.116837700130418, -8.595738685224205, -0.5
-22.162420929875225, -8.76192519115284, -0.5
-22.206432750448585, -8.922572262119502, -0.5
-22.25044457486365, -9.083219334017485, -0.4587694936979278
-22.29290150909219, -9.245717527344823, -0.47938474684896387
-22.33535018505063, -9.40452044410631, -0.45361186559648425
-22.38405146013247, -9.570699977688491, -0.41238135929441205
-22.428050898364745, -9.725804129149765, -0.43815424054689167
-22.468932299758308, -9.880915249232203, -0.4433118686483352
-22.50511186849326, -10.024950987659395, -0.4433118686483352
-22.53817339759553, -10.168993693310767, -0.4433118686483352
-22.568100372387562, -10.305652811191976, -0.391750846888638
-22.60112473461777, -10.433066760189831, -0.42783898434400464
-22.63572050642688, -10.566020144149661, -0.42783898434400464
-22.668744870403316, -10.6934340945445, -0.42783898434400464
-22.701769237522967, -10.820848043542355, -0.4587694936979278
-22.737919901381247, -10.951950303278863, -0.42783898434400464
-22.770956659922376, -11.084907171316445, -0.391750846888638
-22.761895764095243, -11.216110487934202, -0.391750846888638
-22.762188986176625, -11.34729289682582, -0.38660847804193244
-22.748438644688576, -11.472963748499751, -0.37113559373760185
-22.73623080260586, -11.59124055877328, -0.3350474562822352
-22.71933764242567, -11.705832542851567, -0.27320169682912687
-22.71178620844148, -11.814860699698329, -0.3608355967894528
-22.69796978519298, -11.910969319753349, -0.38660847804193244
-22.68412858719239, -11.995992101263255, -0.42783898434400464
-22.670283254352398, -12.079167243558913, -0.47938474684896387
-22.66271530004451, -12.180804844014347, -0.4433118686483352
-22.648952566436492, -12.300932775717229, -0.391750846888638
-22.633655592158902, -12.432150032371283, -0.391750846888638
-22.61058003938524, -12.570775269530714, -0.391750846888638
-22.58746318507474, -12.69092411128804, -0.391750846888638
-22.56588470522547, -12.80183126963675, -0.38660847804193244
-22.54742838907987, -12.914579098112881, -0.41238135929441205
-22.52897620468866, -13.029174568131566, -0.5
-22.508960870443843, -13.141925882082433, -0.42783898434400464
-22.492063574958593, -13.254670226480812, -0.47938474684896387
-22.478309097292367, -13.378493438474834, -0.4226813562425611
-22.4723703666823, -13.51153742428869, -0.42783898434400464
-22.469578581571113, -13.657507917843759, -0.35567796868800927
-22.474594286759384, -13.80900390772149, -0.37113559373760185
-22.482719771796837, -13.956797647755593, -0.402066103091525
-22.492387759848498, -14.097197343595326, -0.42783898434400464
-22.494202829315327, -14.211747511755675, -0.5
-22.497576918569393, -14.326294193509966, -0.5
-22.505665235803463, -14.457459178287536, -0.5
-22.513778332271613, -14.599709998816252, -0.5
-22.51411697891308, -14.75121644185856, -0.4587694936979278
-22.512904865376186, -14.906421648338437, -0.5
-22.51325177162653, -15.06162336980924, -0.5
-22.51672910724301, -15.222361040301621, -0.5
-22.518639163288753, -15.379406917374581, -0.5
-22.526789429131895, -15.538286494556814, -0.5
-22.5333806751878, -15.69716955628246, -0.5
-22.544665500812698, -15.863432721234858, -0.5
-22.55594206711976, -16.026000609155744, -0.41238135929441205
-22.565667875809595, -16.192267258651555, -0.45361186559648425
-22.572275639802683, -16.358540878631175, -0.4226813562425611
-22.57888340880163, -16.524814498145133, -0.4226813562425611
-22.587029546499252, -16.68184643657878, -0.38660847804193244
-22.59515503514558, -16.82964017475024, -0.38660847804193244
-22.60014596430119, -16.97005032468587, -0.2164983062227241
-22.60667113465024, -17.099371154326946, -0.22679830317087313
-22.61317565588979, -17.219453786034137, -0.2371135593737602
-22.61965539812809, -17.328450580127537, -0.35567796868800927
-22.62766112195095, -17.422662771306932, -0.3195898312326426
-22.6309319671127, -17.491018465720117, -0.38660847804193244
-22.63577422214439, -17.56491359276697, -0.38660847804193244
-22.642187887162436, -17.644348154310137, -0.38660847804193244
-22.647067311103456, -17.734872036613524, -0.4226813562425611
-22.6269693710492, -17.810670559294522, -0.42783898434400464
-22.633432594360784, -17.912276794668287, -0.4433118686483352
-22.632071807049215, -18.000966977328062, -0.4433118686483352
-22.633948826231062, -18.143231736961752, -0.45361186559648425
-22.63419661752414, -18.254090109840035, -0.4226813562425611
-22.634568304405548, -18.420377667061985, -0.4742271187475204
-22.634816095640417, -18.531236039008945, -0.4226813562425611
-22.63828517420916, -18.68827843060717, -0.4226813562425611
-22.641642746748403, -18.79543455457315, -0.38660847804193244
-22.651306608866435, -18.933986610732973, -0.38660847804193244
-22.659361892438028, -19.05037047760561, -0.38660847804193244
-22.670568256173283, -19.18152849143371, -0.4072237311929685
-22.684843105322216, -19.29050786048174, -0.37113559373760185
-22.700672843086068, -19.397636105772108, -0.3195898312326426
-22.713368020544294, -19.49738076282665, -0.3608355967894528
-22.7182391860988, -19.584209366235882, -0.3608355967894528
-22.721551331167575, -19.67104145605117, -0.38660847804193244
-22.726418367004953, -19.756022419780493, -0.34536271248512224
-22.726583561801817, -19.829928000923246, -0.42783898434400464
-22.72832429438131, -19.911220656707883, -0.42783898434400464
-22.731624052335974, -19.992509826552123, -0.4587694936979278
-22.728704242384993, -20.081203492358327, -0.46392712179937134
-22.732037039357238, -20.177273779176176, -0.4742271187475204
-22.727566470741294, -20.26966620935127, -0.47938474684896387
-22.723108291625977, -20.367601558100432, -0.5
-22.718666631903034, -20.47292746603489, -0.5
-22.718968112196308, -20.607805151026696, -0.5
-22.722433060233016, -20.76299990201369, -0.5
-22.71658105700044, -20.934844317846, -0.43815424054689167
-22.71226742269937, -21.09744704933837, -0.4433118686483352
-22.706423676398117, -21.272986744064838, -0.4433118686483352
-22.70208526251372, -21.424503640737385, -0.46392712179937134
-22.68995174393058, -21.576037958730012, -0.4742271187475204
-22.668418668501545, -21.707269151695073, -0.4433118686483352
-22.637552118336316, -21.847759449388832, -0.45361186559648425
-22.595726992061827, -21.967950107064098, -0.46392712179937134
-22.547707076824736, -22.106631096452475, -0.5
-22.51832520775497, -22.213860400021076, -0.5
-22.460934644623194, -22.345171738881618, -0.5
-22.395765496243257, -22.483891061041504, -0.5
-22.324413946655113, -22.646643633954227, -0.46392712179937134
-22.260824461933225, -22.7945976681076, -0.46392712179937134
-22.19103193131741, -22.957346756011248, -0.4587694936979278
-22.128993204212748, -23.101602025795728, -0.47938474684896387
-22.060739041655324, -23.255109428428113, -0.48970000305185096
-21.997124770656228, -23.39197762403637, -0.45361186559648425
-21.933510500297416, -23.528845818713307, -0.5
-21.862121768004727, -23.674969631712884, -0.5
-21.800054123683367, -23.80629142234102, -0.5
-21.730236800096463, -23.957954668905586, -0.5
-21.66349208826432, -24.089286911766976, -0.5
-21.5858879131265, -24.244662859477103, -0.5
-21.51604580291314, -24.38524026842788, -0.5
-21.43687846971443, -24.538772060070187, -0.49485763115329445
-21.365456685773097, -24.67011475469917, -0.43815424054689167
-21.28160402685171, -24.819961719214916, -0.4587694936979278
-21.199269088625442, -24.95132880238816, -0.41238135929441205
-21.10758414893644, -25.084564433433115, -0.41238135929441205
-21.02210225642193, -25.203005007933825, -0.41238135929441205
-20.933489930233918, -25.31590963434428, -0.43815424054689167
-20.852635546412785, -25.412168079055846, -0.43815424054689167
-20.77799659728771, -25.499174390453845, -0.41238135929441205
-20.697121560689993, -25.58619463816285, -0.43815424054689167
-20.614695762342308, -25.67691364744678, -0.4433118686483352
-20.52295712515479, -25.786129959393293, -0.5
-20.45299523510039, -25.873125812970102, -0.5
-20.353490392153617, -25.995293020270765, -0.5
-20.28663828590652, -26.078586626797915, -0.5
-20.16223864501808, -26.22298125596717, -0.5
-20.092256101837847, -26.30073890974745, -0.45361186559648425
-19.952282753423788, -26.452558937948197, -0.45361186559648425
-19.888519778789487, -26.522912096697837, -0.43815424054689167
-19.754786642675754, -26.676565823610872, -0.3762932218390454
-19.698810515285004, -26.743206278886646, -0.42783898434400464
-19.579042498313356, -26.8672664151527, -0.42783898434400464
-19.51680963288527, -26.924682608339936, -0.46392712179937134
-19.41101913206512, -27.02469206834212, -0.5
-19.342562565230764, -27.087665118277073, -0.5
-19.21964346471941, -27.196951100137085, -0.5
-19.135617323277984, -27.26919718645513, -0.5
-18.97996288893046, -27.380403973627836, -0.5
-18.88343979459023, -27.441592092625797, -0.5
-18.707513939065393, -27.550996529404074, -0.5
-18.606297261780128, -27.604804540984333, -0.5
-18.416327813756652, -27.708697410300374, -0.5
-18.311980700062122, -27.756969468668103, -0.5
-18.112619958410505, -27.844254481140524, -0.5
-18.01916122128023, -27.881416311487556, -0.5
-17.810442211746704, -27.96687458269298, -0.5
-17.69826282246504, -27.99853529734537, -0.5
-17.467672082886565, -28.06371830077842, -0.5
-17.360157370741945, -28.089825643226504, -0.5
-17.123314023774583, -28.147632017731667, -0.5
-16.992413980478887, -28.173791613429785, -0.5
-16.774266506778076, -28.226013253908604, -0.5
-16.67453038599342, -28.2447126111947, -0.5
-16.451718229218386, -28.302487613167614, -0.5
-16.33019295730628, -28.337864496279508, -0.5
-16.11360036995029, -28.388234998565167, -0.5
-16.016978161700536, -28.405079742893577, -0.5
-15.81437548372196, -28.43694248981774, -0.5
-15.720858932822011, -28.44823734369129, -0.5
-15.518227355845738, -28.46716660959646, -0.5
-15.415348412992898, -28.474787085317075, -0.5
-15.200232273549773, -28.48820129269734, -0.5
-15.097353332675993, -28.495821765158325, -0.5
-14.890040556783788, -28.512913829181343, -0.5
-14.774685310956556, -28.518714524805546, -0.5
-14.551741030765697, -28.5173650206998, -0.5
-14.427019267750438, -28.51764369569719, -0.5
-14.263330208777916, -28.521704732906073, -0.5
-14.099653536744881, -28.531308685895056, -0.5
-13.962471982173156, -28.537158141843975, -0.5
-13.803476501547266, -28.54859927901998, -0.5
-13.660071243008133, -28.56000558147207, -0.5
-13.496398695628159, -28.57145716343075, -0.5
-13.354548330360558, -28.58101233886555, -0.5
-13.1861987162265, -28.592474366072565, -0.5
-13.038124646467622, -28.60758638707921, -0.5
-12.885365254129283, -28.61901357769966, -0.5
-12.732609987142496, -28.632288405671716, -0.5
-12.587641576305032, -28.641850534826517, -0.5
-12.436445330560673, -28.65512187499553, -0.5
-12.289913769229315, -28.662839844822884, -0.5
-12.130905903526582, -28.66873803595081, -0.5
-11.985933363786899, -28.676452518440783, -0.5
-11.815995829878375, -28.67498452961445, -0.5
-11.672565800719894, -28.675304966047406, -0.5
-11.50261588365538, -28.66829405259341, -0.5
-11.345158784126397, -28.670493468642235, -0.5
-11.183020488300826, -28.670855693053454, -0.5
-11.024025004997384, -28.68229678692296, -0.5
-10.882158125459682, -28.684461368247867, -0.5
-10.6966510094353, -28.692266386933625, -0.5
-10.573492394119967, -28.694389169104397, -0.5
-10.37240331247449, -28.705924287438393, -0.5
-10.252362741040997, -28.708040100056678, -0.5
-10.03412441641558, -28.71961352135986, -0.5
-9.923433849471621, -28.71986079448834, -0.5
-9.689621813537087, -28.73885959526524, -0.5
-9.566454940359108, -28.737287087365985, -0.5
-9.34822074411204, -28.750708132982254, -0.5
-9.246880181774031, -28.7490868633613, -0.5
-9.039579773321748, -28.77172172209248, -0.5
-8.938247465412132, -28.773795729037374, -0.5
-8.732473059848417, -28.78164598159492, -0.5
-8.61709304456599, -28.77636077068746, -0.5
-8.411310384457465, -28.780515738297254, -0.5
-8.294371347292326, -28.775234004948288, -0.5
-8.083924002305139, -28.78494233218953, -0.5
-7.963875175395515, -28.783362837973982, -0.5
-7.7596556640346535, -28.78936194907874, -0.5
-7.638039561104961, -28.784090654924512, -0.5
-7.4338076685671695, -28.784546841401607, -0.5
-7.309073521813843, -28.779282508883625, -0.5
-7.117301424965262, -28.774167911615223, -0.5
-6.991000004985835, -28.765211777295917, -0.5
-6.796109864604659, -28.76010413840413, -0.5
-6.671375718491618, -28.754839796572924, -0.5
-6.4733675344032235, -28.749739115592092, -0.5
-6.359550669731107, -28.74629803467542, -0.5
-6.14281358779408, -28.732000934891403, -0.5
-6.022756508609746, -28.726726138964295, -0.5
-5.830959653481841, -28.710525680333376, -0.5
-5.692177803663071, -28.697902107145637, -0.5
-5.517550825199578, -28.690901536494493, -0.5
-5.374096036597621, -28.680136044044048, -0.5
-5.2119371083099395, -28.671259973663837, -0.5
-5.054463501845021, -28.666068733204156, -0.5
-4.895401985559147, -28.647947494406253, -0.5
-4.725468582997564, -28.64832702279091, -0.5
-4.561742383346427, -28.635759144555777, -0.5
-4.405815418227576, -28.62502149352804, -0.5
-4.234314738889225, -28.621709214523435, -0.5
-4.062822314852383, -28.622092212550342, -0.5
-3.897553597460501, -28.61691836314276, -0.5
-3.73229313531192, -28.615439789835364, -0.5
-3.57013833837118, -28.608411330729723, -0.5
-3.411105709616095, -28.603223545942456, -0.5
-3.2520565761369653, -28.590645199641585, -0.5
-3.094554088951554, -28.57252045162022, -0.5
-2.935504958848469, -28.559942100662738, -0.5
-2.7749009308754466, -28.54921486787498, -0.5
-2.612737883697264, -28.538491115439683, -0.5
-2.45212560670916, -28.524068599101156, -0.5
-2.285281365911942, -28.511507645715028, -0.5
-2.119979645940475, -28.491552649531513, -0.5
-1.9702887739986181, -28.480801033321768, -0.5
-1.8236994449980557, -28.462651894893497, -0.5
-1.6646338123828173, -28.442682965192944, -0.5
-1.5102493746671826, -28.424551229458302, -0.5
-1.3371525479014963, -28.40461362665519, -0.5
-1.1968158101080917, -28.393841112498194, -0.5
-1.015936252020765, -28.37946382863447, -0.5
-0.9052291864063591, -28.372320444323123, -0.5
-0.7009725487441756, -28.3616906539537, -0.5
-0.5715489684953354, -28.35089376103133, -0.5
-0.3657250583637506, -28.336572166532278, -0.5
-0.2503326765145175, -28.32574393833056, -0.5
-0.0772606055252254, -28.316892150323838, -0.5
0.11142643820494413, -28.296989333815873, -0.5
0.27827066922327504, -28.284428337123245, -0.5
0.44354350364301354, -28.27740677492693, -0.5
0.6072820664267056, -28.259295891970396, -0.5
0.7678860828164034, -28.2485686019063, -0.5
0.9300614994717762, -28.232301872223616, -0.5
1.096909853629768, -28.217893222812563, -0.5
1.2621909370063804, -28.207176367752254, -0.5
1.42903516482329, -28.19461535057053, -0.5
1.5958711440325715, -28.185749609954655, -0.5
1.790769517829176, -28.176946523133665, -0.5
1.9389054811908863, -28.164343727286905, -0.5
2.138501546054613, -28.146312878467143, -0.5
2.2835277149570175, -28.13000783789903, -0.5
2.476895941013936, -28.108267778996378, -0.5
2.6421852710773237, -28.09385562222451, -0.5
2.829317405470647, -28.072101634461433, -0.5
2.999287925194949, -28.055852273944765, -0.5
3.183289641572628, -28.039634237531573, -0.5
3.3517052607494406, -28.02153375092894, -0.5
3.541943061107304, -28.00532962800935, -0.5
3.699445528036449, -27.987204771488905, -0.5
3.864743103913497, -27.969097314868122, -0.5
4.025363611057401, -27.950979413930327, -0.5
4.204700630041771, -27.92920799832791, -0.5
4.3575301535311155, -27.909225050359964, -0.5
4.546225429454353, -27.885626869741827, -0.5
4.681905708450358, -27.86560563230887, -0.5
4.909593028540257, -27.834703898988664, -0.5
4.995359857857693, -27.8256571223028, -0.5
5.190282966417726, -27.80576812941581, -0.5
5.305695960938465, -27.785701639018953, -0.5
5.541161888220813, -27.762207849416882, -0.5
5.636291094182525, -27.749486670363694, -0.5
5.835907765896991, -27.72221754817292, -0.5
5.954438801796641, -27.702158010564744, -0.5
6.189912971924059, -27.674968925770372, -0.5
6.308444006484933, -27.654909385368228, -0.5
6.542379776888993, -27.61847861483693, -0.5
6.623477783577982, -27.605726103298366, -0.5
6.821539551950991, -27.576605842914432, -0.5
6.954105902463198, -27.554729974363, -0.5
7.177116144797765, -27.523817748297006, -0.5
7.300328360404819, -27.501920994371176, -0.5
7.540491962281521, -27.469199400395155, -0.5
7.68866502691526, -27.439967764075845, -0.5
7.847780112293549, -27.39782700687647, -0.5
7.991276107146405, -27.368584925774485, -0.5
8.155117742018774, -27.304282929282635, -0.5
8.311156017705798, -27.243658812716603, -0.5
8.467219037993345, -27.171948853880167, -0.5
8.623290301591624, -27.09654361475259, -0.5
8.77780666743638, -27.01928725373, -0.5
8.93388205015799, -26.942034371197224, -0.5
9.086851761036087, -26.859231606591493, -0.5
9.236707547446713, -26.774574240669608, -0.5
9.385008433426265, -26.688065754249692, -0.5
9.531754421303049, -26.599706146400422, -0.5
9.681622571311891, -26.509505855850875, -0.5
9.8283809228451, -26.415603324770927, -0.5
9.970462208963, -26.321690353564918, -0.5
10.118767205392942, -26.23333421582356, -0.5
10.26397477433784, -26.13573291990906, -0.5
10.406084915506653, -26.028886466287076, -0.5
10.543526238529012, -25.918334290850908, -0.5
10.680955185263883, -25.81332503305748, -0.5
10.824620215280447, -25.708329691085964, -0.5
10.966734470159281, -25.59963558986783, -0.5
11.102620880585164, -25.487232289277017, -0.5
11.23540573893115, -25.36743147112429, -0.5
11.363517653138842, -25.24577257176861, -0.5
11.491621317225508, -25.127808949910104, -0.5
11.616623431560583, -25.002447810955346, -0.5
11.741621416935232, -24.878934307955205, -0.5
11.86349310958758, -24.759109125472605, -0.5
11.982263250043616, -24.63188642449677, -0.5
12.094826165470295, -24.491716330405325, -0.5
12.208939852367621, -24.35524498997256, -0.5
12.319927246891893, -24.22246197005734, -0.5
12.426262314256746, -24.07858267519623, -0.5
12.531025987525936, -23.940242818091065, -0.5
12.634222390130162, -23.805594759061933, -0.5
12.737422910809983, -23.66909905988723, -0.5
12.835942244157195, -23.53444056212902, -0.5
12.936032967991196, -23.39424262335524, -0.5
13.037682705384213, -23.254048162139952, -0.5
13.133092234609649, -23.11568742385134, -0.5
13.230056659143884, -22.979177804198116, -0.5
13.331689898041077, -22.846373898442835, -0.5
13.425544521247502, -22.706162037793547, -0.5
13.52408445108449, -22.56226533697918, -0.5
13.62261200894136, -22.423911550547928, -0.5
13.714928215893451, -22.274458012077957, -0.5
13.810362464399077, -22.125011431518942, -0.5
13.908927120966837, -21.970028885640204, -0.5
14.00903842644766, -21.820592740084976, -0.5
14.101358747284394, -21.669291556812823, -0.5
14.193679065385368, -21.51799037307501, -0.5
14.289109174103942, -21.370391427073628, -0.5
14.38610242609866, -21.220948318950832, -0.5
14.479985879384913, -21.06780297169462, -0.5
14.5738569610985, -20.92020054254681, -0.5
14.666173142148182, -20.77074699429795, -0.5
14.758485197555274, -20.623141085729003, -0.5
14.853931783000007, -20.46815157495439, -0.5
14.94625207601348, -20.316850384697318, -0.5
15.035454327357002, -20.165542235132307, -0.5
15.124644207535312, -20.01977700414136, -0.5
15.212279187340755, -19.872160654049367, -0.5
15.30615436960943, -19.72271057823673, -0.5
15.39223032107111, -19.575090747792274, -0.5
15.478314517822582, -19.423775638453662, -0.5
15.559717527707107, -19.27429772960022, -0.5
15.642687800980639, -19.1211280208081, -0.5
15.722535905719269, -18.969798993784934, -0.5
15.808636582805775, -18.81109332293272, -0.5
15.891602725780103, -18.659771251957864, -0.5
15.974568866193295, -18.508449179120362, -0.5
16.05597185867373, -18.358971267472953, -0.5
16.143619177746587, -18.205811991821975, -0.5
16.22034510661615, -18.056323640979826, -0.5
16.297079276002478, -17.90314001403749, -0.5
16.376927363337018, -17.751810980495065, -0.5
16.45833446853794, -17.600485424511135, -0.5
16.538186673540622, -17.447308753151447, -0.5
16.616475731018, -17.295976237393916, -0.5
16.691646748105995, -17.14463676791638, -0.5
16.768380905501544, -16.99145313538611, -0.5
16.846665835822932, -16.84196826023981, -0.5
16.923395863675978, -16.690632265992463, -0.5
17.000121769146062, -16.54114391002804, -0.5
17.07998220215086, -16.384271951857954, -0.5
17.153598305303603, -16.231081360951066, -0.5
17.22410873573972, -16.072340892162174, -0.5
17.297737203829456, -15.913607380352914, -0.5
17.371353300171904, -15.760416786186397, -0.5
17.44183898961637, -15.61276215268299, -0.5
17.520136265957262, -15.457734352443367, -0.5
17.592193335585762, -15.30454027839005, -0.5
17.664238038414624, -15.156889121513814, -0.5
17.736295106005855, -15.003695046529174, -0.5
17.806784904620145, -14.854192771483213, -0.5
17.88039274304174, -14.7046974520199, -0.5
17.952441557194106, -14.555198654532433, -0.5
18.01980506774271, -14.409384700469673, -0.5
18.084050536854193, -14.263563788030297, -0.5
18.152973060845397, -14.117753311991692, -0.5
18.221895585185848, -13.97194283362478, -0.5
18.28770418802742, -13.824277760460973, -0.5
18.348835732380394, -13.676602250430733, -0.5
18.41308943630429, -13.52708605863154, -0.5
18.478902155533433, -13.377573342993855, -0.5
18.54470663086977, -13.23175590671599, -0.5
18.605834043235518, -13.085928034037352, -0.5
18.666969700483605, -12.93640488293022, -0.5
18.73122751462506, -12.78504104912281, -0.5
18.79548532917397, -12.633677214384079, -0.5
18.864411955990363, -12.486019092146307, -0.5
18.93021641735686, -12.340201653540134, -0.5
18.992906962521374, -12.19252961780876, -0.5
19.054038484056946, -12.04485410451889, -0.5
19.11361098679481, -11.89717511087656, -0.5
19.171628590498585, -11.747645000461489, -0.5
19.23588226729771, -11.598128802143037, -0.5
19.295458884269465, -11.448602168820798, -0.5
19.355023135896772, -11.304618453141302, -0.5
19.4177136682556, -11.156946415547282, -0.5
19.481971459521446, -11.005582575220615, -0.5
19.541539827769157, -10.85975121986121, -0.5
19.608903287677094, -10.713937254156917, -0.5
19.676262626075186, -10.569970928598195, -0.5
19.746740000788122, -10.426011556293815, -0.5
19.81566247390583, -10.28020106581971, -0.5
19.886131600709632, -10.139936974272132, -0.5
19.95971876126714, -9.999679835978895, -0.5
20.044210811611265, -9.86314232321456, -0.5
20.131816775770858, -9.7284594043158, -0.5
20.2303193830885, -9.601191389840096, -0.5
20.328817866102327, -9.475771012250334, -0.5
20.433552419999614, -9.350364547688514, -0.5
20.53829109540675, -9.223110440187156, -0.5
20.63834858959308, -9.097693539690226, -0.5
20.73373314877972, -8.970418562646955, -0.5
20.833803003188223, -8.839458740316331, -0.5
20.935427749704104, -8.710350033827126, -0.5
21.040154046786483, -8.58863884024322, -0.5
21.147998378961347, -8.46693460084498, -0.5
21.252732914173976, -8.341528126969934, -0.5
21.348117455781903, -8.21425314527005, -0.5
21.452864350692835, -8.083303748629987, -0.5
21.556048102444038, -7.954198515508324, -0.5
21.65455891698366, -7.823235206305981, -0.5
21.746829532610718, -7.694105624221265, -0.5
21.85001739807194, -7.563152748160064, -0.5
21.946969186188653, -7.43218595860526, -0.5
22.04861451132456, -7.29383904254064, -0.5
22.14870081731351, -7.155488648451865, -0.5
22.250350260641426, -7.015294092241675, -0.5
22.34886929957429, -6.880635497160256, -0.5
22.448955597239546, -6.742285099346191, -0.5
22.55213520064717, -6.615027494728565, -0.5
22.649095210654195, -6.480365419294685, -0.5
22.747610119869933, -6.347554459236562, -0.5
22.846116778906435, -6.218438779003918, -0.5
22.94929225044325, -6.093028808478266, -0.5
23.05249656859087, -5.954685358796269, -0.5
23.14944832510082, -5.823718559928238, -0.5
23.252640273829456, -5.690918027423322, -0.5
23.351151043432765, -5.559954701457173, -0.5
23.448086307151243, -5.436378455255181, -0.5
23.543474913807586, -5.307255811989307, -0.5
23.638871760398615, -5.17443788703531, -0.5
23.737386640976183, -5.041626918129623, -0.5
23.837452294828836, -4.912514705676585, -0.5
23.93751794367563, -4.783402489963919, -0.5
24.03293126448989, -4.643194006290287, -0.5
24.13766572275199, -4.51778749935329, -0.5
24.25175016623689, -4.39424949651584, -0.5
24.364275588770397, -4.2707080147229135, -0.5
24.481461578630842, -4.15456752339378, -0.5
24.597105031774845, -4.03103299299255, -0.5
24.709618082793895, -3.9130344251170754, -0.5
24.820576234022155, -3.7931847404688597, -0.5
24.931526140659116, -3.6770303337834775, -0.5
25.047157222114038, -3.5590387168340385, -0.5
25.159649657725822, -3.450278341770172, -0.5
25.27527660812484, -3.3341343626379967, -0.5
25.387818489340134, -3.2032023118808866, -0.5
25.498764261836186, -3.0888955369591713, -0.5
25.61439120635623, -2.972751551773399, -0.5
25.73316090903245, -2.8455286845564842, -0.5
25.850375713896938, -2.7164546996355057, -0.5
25.965973804472014, -2.6132441884838045, -0.5
26.086286033154465, -2.49341535102576, -0.5
26.208153155923355, -2.3754376294091344, -0.5
26.337794761406258, -2.2667154893279076, -0.5
26.472109296766575, -2.1598514169454575, -0.5
26.615744970738888, -2.067789320833981, -0.5
26.76246571482625, -1.9905152944847941, -0.5
26.912275645590853, -1.926181694958359, -0.5
27.062081453797873, -1.86369573418051, -0.5
27.21965762792388, -1.812312991824001, -0.5
27.38344926649006, -1.7701823520474136, -0.5
27.55188911576988, -1.7409956185147166, -0.5
27.718757582595572, -1.7173483213409781, -0.5
27.88558896712493, -1.710329778958112, -0.5
28.053975248825736, -1.705162350088358, -0.5
28.222357407503296, -1.7018425571732223, -0.5
28.398538777488284, -1.6966925067827106, -0.5
28.5653742790455, -1.687826312147081, -0.5
28.732205662410706, -1.6808077553287148, -0.5
28.900579579931218, -1.6811832305975258, -0.5
29.067402722488623, -1.6778599470853806, -0.5
29.23578900040593, -1.6726924967952073, -0.5
29.40418352081906, -1.6638297652825713, -0.5
29.567896865250077, -1.6568042407743633, -0.5
29.73007179441629, -1.6405370412394404, -0.5
29.898449831234757, -1.6390648586675525, -0.5
30.068382765632123, -1.6394437896087766, -0.5
30.23679788451409, -1.6213428466580808, -0.5
30.403641625249293, -1.6087813428603113, -0.5
30.573603398515843, -1.596226789522916, -0.5
30.74046773777809, -1.574427081272006, -0.5
30.910445989400614, -1.5544819636270404, -0.5
31.07417169259861, -1.5419134967960417, -0.5
31.24413758359151, -1.527511291205883, -0.5
31.414078757865354, -1.5241949213668704, -0.5
31.582448552770074, -1.5264179888181388, -0.5
31.752402085985523, -1.5175586924888194, -0.5
31.91768268303713, -1.5068413279950619, -0.5
32.089191113598645, -1.4998331423848867, -0.5
32.25602661044104, -1.4909668872132897, -0.5
32.42600073781796, -1.4728693813085556, -0.5
32.59908878040733, -1.4566264664754272, -0.5
32.76592427602736, -1.4477602015249431, -0.5
32.9405260233907, -1.4518447909504175, -0.5
33.110421879275236, -1.468852424994111, -0.5
33.280301258084364, -1.4932506163604558, -0.5
33.453298675536644, -1.517655755393207, -0.5
33.62000647140667, -1.5660663028247654, -0.5
33.7789068199927, -1.6200023861601949, -0.5
33.926885809982195, -1.6776094152592123, -0.5
34.07171380968066, -1.749990607611835, -0.5
34.21496631682385, -1.8297588787972927, -0.5
34.34728510584682, -1.918741015251726, -0.5
34.479608018824365, -2.0058755124919116, -0.5
34.605686619877815, -2.0966913835145533, -0.5
34.731773466279265, -2.1838119733147323, -0.5
34.85472580045462, -2.2783161676488817, -0.5
34.97455598216038, -2.3746610498055816, -0.5
35.10065930924611, -2.454391076695174, -0.5
35.22362812649226, -2.5415047095157206, -0.5
35.34192813030677, -2.624912634026259, -0.5
35.46176655893214, -2.717562230769545, -0.5
35.58944126917049, -2.7917528091929853, -0.5
35.71240597835276, -2.8807140747085214, -0.5
35.836942062014714, -2.964135895483196, -0.5
35.9692444052198, -3.060508568305522, -0.5
36.093772255582735, -3.147625664714724, -0.5
36.22142226289725, -3.2329020723700523, -0.5
36.34284031938296, -3.316316935699433, -0.5
36.46736405743286, -3.4052816689945757, -0.5
36.59187544375891, -3.4997893166728318, -0.5
36.71016723301727, -3.586892504245043, -0.5
36.82518859463744, -3.7423514020629227, -0.5
36.952822141116485, -3.835018356796354, -0.5
37.085132744163275, -3.927695735823363, -0.5
37.218985893181525, -4.027767147868872, -0.5
37.352843165863305, -4.125990916509181, -0.5
37.49760120990686, -4.229781929869205, -0.5
37.62054947728757, -4.32613373035565, -0.5
37.75594518095022, -4.433599166106433, -0.5
37.88509245921159, -4.546593620441854, -0.5
38.00335132423788, -4.648477907292545, -0.5
38.146529774414375, -4.761503634043038, -0.5
38.27570589073002, -4.861564605962485, -0.5
38.44224490772467, -4.985728289932013, -0.5
38.55585555790458, -5.074668668676168, -0.5
38.73641339375172, -5.2044065445661545, -0.5
38.83912327612052, -5.287779676727951, -0.5
39.00723368074978, -5.406403909437358, -0.5
39.11306984076509, -5.486088709440082, -0.5
39.27338928094832, -5.602847921662033, -0.5
39.393219546065666, -5.699192749802023, -0.5
39.53638978849631, -5.8159137344919145, -0.5
39.66399044141872, -5.923361768946052, -0.5
39.80560579249868, -6.038231635466218, -0.5
39.925427831709385, -6.138271735049784, -0.5
40.07479297928512, -6.273483007214963, -0.5
40.18837895023171, -6.373509204015136, -0.5
40.351795861672144, -6.499513547401875, -0.5
40.45918694708962, -6.581049446482211, -0.5
40.624121703673154, -6.725533653981984, -0.5
40.71281280502444, -6.80333257606253, -0.5
40.89646814559819, -6.942315557971597, -0.5
40.98360435041832, -7.018263361882418, -0.5
41.15946049033664, -7.159076604060829, -0.5
41.24659669911489, -7.235024405643344, -0.5
41.42557088145986, -7.3758445917628706, -0.5
41.52827669121325, -7.4610653361305594, -0.5
41.67767894122517, -7.579647827427834, -0.5
41.800619057845324, -7.679694852326065, -0.5
41.934431127563585, -7.798242594115436, -0.5
42.04022204136709, -7.898251397069544, -0.5
42.177115094673354, -8.03343483991921, -0.5
42.265781513706315, -8.122319584246725, -0.5
42.374657530279364, -8.237116447184235, -0.5
42.480411394149996, -8.353754001669586, -0.5
42.609554660040885, -8.468596030957997, -0.5
42.72308715269901, -8.592641511466354, -0.5
42.83816219656728, -8.724081024993211, -0.5
42.943874895223416, -8.859194968827069, -0.5
43.05423994793091, -9.005405170843005, -0.5
43.15526324318489, -9.146051608491689, -0.5
43.251580661861226, -9.299621097743511, -0.5
43.34011122141965, -9.44947793520987, -0.5
43.422397477552295, -9.603016154374927, -0.5
43.51094451243989, -9.745482432190329, -0.5
43.591659399913624, -9.904560092836618, -0.5
43.67082350590499, -10.059939000289887, -0.5
43.74215134221595, -10.233776931650937, -0.5
43.80569232284324, -10.403902211692184, -0.5
43.86768663645489, -10.568481098394841, -0.5
43.92968095454853, -10.733059984166175, -0.5
43.98231703985948, -10.899465665221214, -0.5
44.03182685619686, -11.069559675641358, -0.5
44.07821863342542, -11.239646735601127, -0.5
44.121504728274886, -11.404183930717409, -0.5
44.16477847006172, -11.574264043010771, -0.5
44.20960711536463, -11.746195269748569, -0.5
44.249762823979836, -11.916268433444202, -0.5
44.29304068768397, -12.084500905591995, -0.5
44.334751301270444, -12.25642518280074, -0.5
44.37958818738116, -12.424661128781736, -0.5
44.4259717449313, -12.598443466704339, -0.5
44.46768647793215, -12.768520104233176, -0.5
44.50316925178049, -12.936735204886645, -0.5
44.543329085398, -13.104960727505386, -0.5
44.5819299032446, -13.273182775825262, -0.5
44.623648759152275, -13.441411772742867, -0.5
44.65757663821569, -13.60777575802058, -0.5
44.68837824225193, -13.777828076388687, -0.5
44.706711807404645, -13.946004960685968, -0.5
44.72659615834709, -14.117880597244948, -0.5
44.738693645980675, -14.286043584812433, -0.5
44.747664860100485, -14.457894903607666, -0.5
44.75507705716882, -14.629742748569697, -0.5
44.75624493614305, -14.80527197662741, -0.5
44.75742105435347, -14.977105924393982, -0.5
44.7585930507048, -15.15078751090914, -0.5
44.758206029597204, -15.32446562545374, -0.5
44.75314606842585, -15.496285676490515, -0.5
44.746535316924565, -15.664406973868608, -0.5
44.74147535307566, -15.836227026302367, -0.5
44.73640715458896, -16.01174235669896, -0.5
44.726678364910185, -16.179856705944985, -0.5
44.71227663208265, -16.346112994942814, -0.5
44.70255195896607, -16.512379705440253, -0.5
44.6928108165157, -16.686036973726004, -0.5
44.67684182780795, -16.855985066853464, -0.5
44.66084813507041, -17.037018997129053, -0.5
44.651123458112124, -17.203285706229508, -0.5
44.63827250833856, -17.373240747954696, -0.5
44.622311752231326, -17.539493562188, -0.5
44.60322472063126, -17.709434705786407, -0.5
44.5856967085856, -17.879379325080663, -0.5
44.56662614486413, -18.041929910890758, -0.5
44.54596773919184, -18.21741049969569, -0.5
44.52533403650159, -18.381805250886828, -0.5
44.51249131542863, -18.548065012786537, -0.5
44.491874080733396, -18.70506920525804, -0.5
44.47121567244176, -18.880549794528633, -0.5
44.452145105053205, -19.04310038033873, -0.5
44.428393358248286, -19.207488182466477, -0.5
44.40306612098357, -19.37926306994632, -0.5
44.37620456377044, -19.539948645047843, -0.5
44.350877324759495, -19.7117235311307, -0.5
44.313090272131376, -19.87792770564556, -0.5
44.265953209483996, -20.042263395618647, -0.5
44.218812027946115, -20.208446725737303, -0.5
44.167006137256976, -20.369076712988317, -0.5
44.11364534153836, -20.52785558672622, -0.5
44.049371396773495, -20.68661014083773, -0.5
43.98510980204446, -20.839821776375175, -0.5
43.91148584836628, -20.99670784501359, -0.5
43.84410620795097, -21.149912531021982, -0.5
43.77360852615675, -21.303110267501324, -0.5
43.706232999044005, -21.454467312432826, -0.5
43.63729021640029, -21.609516163356602, -0.5
43.57148605835391, -21.755333762150258, -0.5
43.49944581714226, -21.90113746607676, -0.5
43.42584655043902, -22.046937693841755, -0.5
43.35225551662734, -22.18904264178127, -0.5
43.27866448072018, -22.331147590186447, -0.5
43.20194305042969, -22.478788506705314, -0.5
43.125229850644246, -22.622734143864363, -0.5
43.0469576275209, -22.76667630719021, -0.5
42.97491737129167, -22.912480005528778, -0.5
42.9028565226472, -23.067521899472922, -0.5
42.82613096112618, -23.217010454274714, -0.5
42.73696205148008, -23.353537735063583, -0.5
42.635333322919905, -23.484494301956147, -0.5
42.533708711736836, -23.61360322777182, -0.5
42.42897428845754, -23.739009925164282, -0.5
42.32112593774218, -23.862562032416463, -0.5
42.21950543386629, -23.989823315292597, -0.5
42.11788080970291, -24.118932236917317, -0.5
42.01781108637806, -24.24989227252081, -0.5
41.916174103622325, -24.384544109459966, -0.5
41.816096139431465, -24.519199422560632, -0.5
41.712904247571714, -24.652000144589692, -0.5
41.60972882428905, -24.777410306036472, -0.5
41.511234580364544, -24.900983252562582, -0.5
41.40961817331845, -25.026396887842566, -0.5
41.30644274462247, -25.151807047892362, -0.5
41.20326319307787, -25.279064846690744, -0.5
41.1016385423718, -25.408173757139593, -0.5
40.99377780314535, -25.53726876946166, -0.5
40.88437039341079, -25.66081738471985, -0.5
40.77184905583272, -25.78251141309738, -0.5
40.65777692996198, -25.900506685022265, -0.5
40.539035972731654, -26.014796251431108, -0.5
40.41565501037985, -26.1124466387555, -0.5
40.282932270201854, -26.204533255659044, -0.5
40.14708324574167, -26.30030820146203, -0.5
40.00500225269934, -26.39422160666436, -0.5
39.862933608936146, -26.482592090498656, -0.5
39.72088143770816, -26.563572013750672, -0.5
39.57572357536992, -26.639002067036927, -0.5
39.42745178571204, -26.71257753064856, -0.5
39.28075136791449, -26.780613546725363, -0.5
39.13406330533326, -26.843106642831117, -0.5
38.988905434380285, -26.91853668820113, -0.5
38.84533952723723, -26.979189090896398, -0.5
38.701753028901294, -27.049079689197242, -0.5
38.555069076945074, -27.109725138172507, -0.5
38.408376886392944, -27.174065860919654, -0.5
38.26636999368202, -27.23472173139453, -0.5
38.12904016691027, -27.295388023834676, -0.5
37.98547013045754, -27.357888053171337, -0.5
37.83098694198998, -27.42036375310272, -0.5
37.69211456232006, -27.473636007402092, -0.5
37.53609293885529, -27.526870030909777, -0.5
37.39255996508291, -27.572741298004985, -0.5
37.22096459713066, -27.618550004903227, -0.5
37.091495766246226, -27.64967142837122, -0.5
36.9011962498771, -27.693590788170695, -0.5
36.777963504369836, -27.724726107902825, -0.5
36.570502388465684, -27.774150150828063, -0.5
36.461304956290405, -27.803469105158, -0.5
36.239808521582745, -27.854709503706545, -0.5
36.124370881239884, -27.885862191673368, -0.5
35.8981767828227, -27.946330353617668, -0.5
35.77337265224196, -27.98300510365516, -0.5
35.565919761313125, -28.028733846265823, -0.5
35.45672232564539, -28.058052790351212, -0.5
35.249294148001354, -28.09269569069147, -0.5
35.137007497716695, -28.109074202831835, -0.5
34.90934086655034, -28.130738436244428, -0.5
34.79706657247152, -28.14157402701676, -0.5
34.56476406537695, -28.144751431420445, -0.5
34.45096369966632, -28.14080242579803, -0.5
34.220277885498945, -28.118116343859583, -0.5
34.09091613581404, -28.101199101656675, -0.5
33.872706617752556, -28.07669317908585, -0.5
33.73710054298863, -28.063457306474447, -0.5
33.53447712381603, -28.04083377448842, -0.5
33.41446127119707, -28.027632656041533, -0.5
33.20871980971424, -28.005002165213227, -0.5
33.07467276335228, -27.991769761312753, -0.5
32.86892718146555, -27.970986902248114, -0.5
32.75204173277598, -27.95224980916828, -0.5
32.561894614831544, -27.927806425374, -0.5
32.41537127108313, -27.916393843013793, -0.5
32.2345576856751, -27.901209506671876, -0.5
32.08180237712804, -27.887935375329107, -0.5
31.918146274867468, -27.86909399041906, -0.5
31.752943507919554, -27.844706208445132, -0.5
31.589295646292157, -27.822169539518654, -0.5
31.42408876121044, -27.799629390705377, -0.5
31.258865400159266, -27.784479798283428, -0.5
31.096772440359928, -27.763794235419482, -0.5
30.93467948352918, -27.743108672555536, -0.5
30.777267712750472, -27.72058589477092, -0.5
30.613603373465594, -27.70543976780027, -0.5
30.4530570806819, -27.690300589893013, -0.5
30.283152535033878, -27.676988190971315, -0.5
30.113260352110956, -27.65813286975026, -0.5
29.948041112918872, -27.641135615762323, -0.5
29.782830114359967, -27.6204430796206, -0.5
29.6160559769487, -27.601594703737646, -0.5
29.45083674188936, -27.584597441367805, -0.5
29.28249534126371, -27.569440862629563, -0.5
29.117271984694526, -27.554291234817356, -0.5
28.955166674684733, -27.539148554671556, -0.5
28.794624507194385, -27.522161711007357, -0.5
28.62940939265536, -27.503316794987768, -0.5
28.459508972708136, -27.488156725186855, -0.5
28.29115933686262, -27.4766954081133, -0.5
28.125940103607718, -27.459698123391718, -0.5
27.963834796566516, -27.44455542927608, -0.5
27.798615566745866, -27.427558137569577, -0.5
27.631824952026363, -27.416100285947323, -0.5
27.465042578580324, -27.400947153102607, -0.5
27.296692945237737, -27.389485819265246, -0.5
27.126788411056623, -27.376173365395516, -0.5
26.960001918429043, -27.362867862917483, -0.5
26.793223669810686, -27.345867078285664, -0.5
26.626428936899174, -27.336256850510836, -0.5
26.462760489142966, -27.322958293836564, -0.5
26.299087923543993, -27.311507374048233, -0.5
26.130742411245592, -27.29819838050753, -0.5
25.96240514324745, -27.2811941052787, -0.5
25.79251709562959, -27.260491071268916, -0.5
25.628873375011608, -27.23610666161403, -0.5
25.465233776019886, -27.20987461321056, -0.5
25.301602422026917, -27.179947280790657, -0.5
25.141101472778246, -27.14448398258537, -0.5
24.97905798908323, -27.10162664577365, -0.5
24.8217039348674, -27.05323682166636, -0.5
24.664366363722365, -26.997456434648484, -0.5
24.510163324302994, -26.93429244402796, -0.5
24.357527550600935, -26.86743664741516, -0.5
24.204900018754415, -26.79688557004556, -0.5
24.05069286422804, -26.735569211188704, -0.5
23.896485709236003, -26.674252848140895, -0.5
23.742278558493126, -26.612936484161764, -0.5
23.592764959437773, -26.544239992275834, -0.5
23.4401291955146, -26.477384181227535, -0.5
23.290623843087815, -26.404992405325174, -0.5
23.14266926952405, -26.336299382615834, -0.5
22.98845800739946, -26.27683064620942, -0.5
22.837364790320862, -26.217368862591684, -0.5
22.6831452891347, -26.16159539995715, -0.5
22.53049717308022, -26.10028249397874, -0.5
22.373196722648572, -26.027873316779733, -0.5
22.222140606085304, -25.951782767195255, -0.5
22.074198413465638, -25.877546809148043, -0.5
21.924684834608342, -25.808850292582065, -0.5
21.776726160256658, -25.7420048895292, -0.5
21.62877160939388, -25.673311844933778, -0.5
21.477690774423536, -25.608307120390236, -0.5
21.326634668686893, -25.53221655730158, -0.5
21.17401954618981, -25.456122513860464, -0.5
21.019841280474793, -25.38187263160944, -0.5
20.87657616980141, -25.307647089939564, -0.5
20.72709145990666, -25.226017076987773, -0.5
20.57916989811929, -25.14254289958626, -0.5
20.432799116591923, -25.06276747910306, -0.5
20.291130132623948, -24.971916650421917, -0.5
20.144759355986025, -24.89214122435078, -0.5
20.007779804465827, -24.795757908839732, -0.5
19.87237164506223, -24.69383515091613, -0.5
19.740081531112082, -24.59191934717819, -0.5
19.614039868756663, -24.484474533703178, -0.5
19.491128622437827, -24.37149375816807, -0.5
19.376024849014357, -24.252987451851368, -0.5
19.26403912092792, -24.134488102048635, -0.5
19.155179679743014, -24.01230042707175, -0.5
19.054135960061103, -23.880891942884773, -0.5
18.95933657453861, -23.74580209190026, -0.5
18.8614191468223, -23.61070528579876, -0.5
18.765068987209816, -23.47191667649895, -0.5
18.671849238919094, -23.32759210234508, -0.5
18.57862537127221, -23.185115170199424, -0.5
18.48852779524168, -23.038949911948293, -0.5
18.395291564112995, -22.90201589372009, -0.5
18.305181626870763, -22.761393554043025, -0.5
18.213512668735348, -22.620767732616514, -0.5
18.11872979340842, -22.478287316393107, -0.5
18.028623983904254, -22.335817333776504, -0.5
17.93852642143611, -22.189652071800083, -0.5
17.8531141714775, -22.039801963604987, -0.5
17.77706429193495, -21.88627744745463, -0.5
17.707254620734602, -21.730919202789664, -0.5
17.64369752688799, -21.568184313364327, -0.5
17.5754551255377, -21.40913426829502, -0.5
17.51500783296069, -21.250101613346487, -0.5
17.45454817294376, -21.09661187743768, -0.5
17.39411325135734, -20.932036303915083, -0.5
17.333670084713958, -20.771156009286642, -0.5
17.27010887855431, -20.610268755815923, -0.5
17.2127713925438, -20.454938336275518, -0.5
17.158568436978385, -20.292224314063787, -0.5
17.10278173041297, -20.14059265004471, -0.5
17.039208164904267, -19.985248315148056, -0.5
16.97407146077603, -19.831748139113188, -0.5
16.912065164826345, -19.67271200241521, -0.5
16.851622013899032, -19.51183170452714, -0.5
16.788052581308875, -19.35463972715661, -0.5
16.73227825097274, -19.197465143166482, -0.5
16.67962608829839, -19.038449875079095, -0.5
16.625427274324466, -18.87388821085915, -0.5
16.57433825568296, -18.71302878204733, -0.5
16.527934547397308, -18.54848450841382, -0.5
16.48153083829675, -18.383940235245973, -0.5
16.43669852107996, -18.213856522925198, -0.5
16.39185796037782, -18.047468087170273, -0.5
16.343882868008222, -17.888463254552335, -0.5
16.294361124630086, -17.72391202254221, -0.5
16.24796154833166, -17.55752010922879, -0.5
16.203116871300153, -17.39297931222245, -0.5
16.15670493041398, -17.232130316551775, -0.5
16.111839641060214, -17.07682771794498, -0.5
16.063868680619635, -16.915975242853165, -0.5
16.015901846811175, -16.75327512715012, -0.5
15.96638836240163, -16.585028615780175, -0.5
15.916866632003803, -16.420477381907403, -0.5
15.872030208760407, -16.252241304609925, -0.5
15.828756932169199, -16.082161067519337, -0.5
15.782340881007258, -15.923159708734602, -0.5
15.731256016879342, -15.760452636051923, -0.5
15.683301560056861, -15.592209599446505, -0.5
15.640024166961666, -15.423977000638843, -0.5
15.59516713960329, -15.264979119878262, -0.5
15.547196199069731, -15.104126641061157, -0.391750846888638
15.500784277566709, -14.94327764166519, -0.37113559373760185
15.459045296709519, -14.784286717418581, -0.37113559373760185
15.423521782679018, -14.634547905996442, -0.47938474684896387
15.395760384271853, -14.499607603996992, -0.4587694936979278
15.36797837523045, -14.373905499000102, -0.47938474684896387
15.333976779074874, -14.240798921789974, -0.47938474684896387
15.301542449102271, -14.104000542778522, -0.49485763115329445
15.267561466200277, -13.961655766237527, -0.5
15.235147751925979, -13.815619190223515, -0.5
15.205860323505476, -13.665894292294979, -0.5
15.178140158765018, -13.512477594427764, -0.5
15.150419997284189, -13.359060896094888, -0.5
15.12583024421474, -13.200108236633241, -0.5
15.104358531010803, -13.041162533685565, -0.5
15.084462329221424, -12.874829751905054, -0.5
15.062994737934787, -12.714036410674453, -0.5
15.041535395313986, -12.549547790549695, -0.5
15.021622704400215, -12.390605565626174, -0.5
14.998596098215785, -12.229808744974434, -0.5
14.975573613191955, -12.067164284177125, -0.5
14.955656801641453, -11.910069700330496, -0.5
14.931067055498715, -11.751117039471865, -0.5
14.904918290907517, -11.592160900123417, -0.5
14.880320298369043, -11.436903517693281, -0.5
14.86195426323684, -11.283507692627609, -0.5
14.838911170954816, -11.130101428367198, -0.5
14.812750041019171, -10.976688206195831, -0.5
14.789715196006, -10.819586664438248, -0.5
14.760448397952132, -10.660623566713184, -0.5
14.732736497127917, -10.503511587623507, -0.5
14.703473821515217, -10.342700849752873, -0.5
14.67265213013161, -10.181886633392423, -0.5
14.632463954389095, -10.026594462804496, -0.5
14.595389697467908, -9.873156888410449, -0.5
14.552075240353588, -9.721553038340062, -0.5
14.508773155743256, -9.564406269229949, -0.5
14.465466949623078, -9.409107139334083, -0.5
14.417483685654588, -9.253797573037446, -0.5
14.371051198628265, -9.102186764590442, -0.5
14.326177731971256, -8.950579435564578, -0.5
14.275059942970984, -8.802653467282653, -0.5
14.223958649730776, -8.647336941212416, -0.5
14.16973107215017, -8.49570873612538, -0.5
14.118638028157875, -8.33669693255797, -0.5
14.064431068953127, -8.17583052907139, -0.5
14.008652726130094, -8.020503565203398, -0.5
13.948172588425223, -7.876252002082765, -0.5
13.868975984340068, -7.735653968993574, -0.5
13.781971917604096, -7.6005814592354, -0.5
13.69029079732718, -7.4654985116794705, -0.5
13.597025922383182, -7.341497921384871, -0.5
13.503785788372625, -7.2064114939421415, -0.5
13.407419373572338, -7.075013385619968, -0.5
13.311057084414642, -6.941767636220902, -0.5
13.205328319454566, -6.814043931663036, -0.5
13.093363480700646, -6.686306308489293, -0.5
12.986046837992035, -6.571512598078698, -0.5
12.870955719030462, -6.447463293094188, -0.5
12.75586048210971, -6.325261626392603, -0.5
12.646997198578902, -6.204921514727175, -0.5
12.528775683778804, -6.086408165749162, -0.5
12.405864746600855, -5.97342729754746, -0.5
12.284508707351051, -5.862297544721514, -0.5
12.160042880743276, -5.747465554624796, -0.5
12.043368025508244, -5.63449859758839, -0.5
11.923566889425274, -5.525219960138202, -0.5
11.799109315732494, -5.406692685093731, -0.5
11.676214891544078, -5.286321248393506, -0.5
11.550210675981361, -5.162247573025525, -0.5
11.425736619799864, -5.051110851112753, -0.5
11.30125019577099, -4.945517047308385, -0.5
11.173662232118659, -4.832525724545121, -0.5
11.05075544968713, -4.717697198037058, -0.5
10.929415935475845, -4.599176870658994, -0.5
10.80807230056962, -4.482504182495177, -0.5
10.682047490379773, -4.367668692953885, -0.5
10.55914071702864, -4.252840160392225, -0.5
10.431561018223874, -4.136153548490256, -0.5
10.307078740093857, -4.028712092898786, -0.5
10.176356268581003, -3.9231043555773795, -0.5
10.04096086928621, -3.815638538915664, -0.5
9.905573720578104, -3.7044774405658245, -0.5
9.77174559055129, -3.59331982024014, -0.5
9.644161785719916, -3.4784808377735317, -0.5
9.519696019939147, -3.363648811355233, -0.5
9.388990061124787, -3.2506505069322884, -0.5
9.266083319147583, -3.1358219594694674, -0.5
9.144727350096218, -3.0246921675279737, -0.5
9.020240976067726, -2.9190983339212835, -0.5
8.895738106395584, -2.820895056705922, -0.5
8.752510530583095, -2.730040578171611, -0.5
8.613968259189278, -2.635501259472221, -0.5
8.464488120866008, -2.5520234159193933, -0.5
8.318134266650304, -2.4648572504520416, -0.5
8.1717969137826, -2.3703005257993937, -0.5
8.023896421771497, -2.2775879590772092, -0.5
7.8728572736145, -2.1941066263243556, -0.5
7.721809882030357, -2.1143205715343356, -0.5
7.567644457274582, -2.0345275532454252, -0.5
7.408810227701906, -1.9510288145393133, -0.42783898434400464
7.245232958870474, -1.8970818659290671, -0.45361186559648425
7.0800636819330975, -1.857912550214678, -0.4072237311929685
6.913323015440255, -1.8242826708592474, -0.4072237311929685
6.755952951847576, -1.7832831121049821, -0.4072237311929685
6.603239323128946, -1.7515321876853704, -0.4072237311929685
6.45362723316066, -1.7271787798963487, -0.4072237311929685
6.308700443711132, -1.6991405324079096, -0.4072237311929685
6.1715728707495145, -1.6692720418795943, -0.47938474684896387
6.029809490428306, -1.6209167148917913, -0.42783898434400464
5.895795827906113, -1.5929028205573559, -0.4072237311929685
5.753995328966994, -1.56117624649778, -0.3195898312326426
5.613766222377308, -1.523910230025649, -0.3195898312326426
5.475092009990476, -1.4884953331202269, -0.0
5.337980938551482, -1.4512362726964056, -0.0
5.221124726755079, -1.4195653754286468, -0.0
5.1182955503463745, -1.3897734391503036, -0.0
5.052845677186269, -1.3766937870532274, -0.0
4.987391681817826, -1.3654617737047374, -0.2010254219183935
4.923484330123756, -1.3597761588171124, -0.14947965941343425
4.865804797504097, -1.3577997451648116, -0.2216559343241676
4.809704908693675, -1.3465886120684445, -0.2835016937772759
4.752041875151917, -1.3372216392308474, -0.3247474593340861
4.6398627196322195, -1.305561175569892, -0.38660847804193244
4.575988364464138, -1.2850944423116744, -0.402066103091525
4.470008159929421, -1.2700766543857753, -0.402066103091525
4.381177147908602, -1.2550971517339349, -0.38660847804193244
4.265863459731918, -1.2308202804997563, -0.38660847804193244
4.161471145576797, -1.202872492838651, -0.4226813562425611
4.044602565700188, -1.1767445015721023, -0.42783898434400464
3.9277009848156013, -1.1653976221568882, -0.3608355967894528
3.806138853309676, -1.1466497429646552, -0.35567796868800927
3.6798914193059318, -1.1315866983495653, -0.41238135929441205
3.556778520985972, -1.1091400580480695, -0.43815424054689167
3.4445663717924617, -1.0922606964595616, -0.4587694936979278
3.3151802785578184, -1.08642888488248, -0.2010254219183935
3.185794185497798, -1.080597071442753, -0.0
3.050184397143312, -1.0692084142938256, -0.0
2.914619985211175, -1.0374957215972245, -0.0
2.8148882293025963, -1.0169489192776382, -0.0
2.7323180433013476, -0.9908974878489971, -0.0
2.666888801555615, -0.9685796210542321, -0.0
2.6076667568995617, -0.9592091552913189, -0.0
2.6342649352154694, -0.9167726174928248, -0.0
